record_type,polymer,elapsed_sampling_ps,reference_g_cm3,simulation_density_g_cm3,temporal_95ci_low_g_cm3,temporal_95ci_high_g_cm3,relative_difference_percent,status
sampling_mean,PE,,0.9362,0.9119554115720906,0.9108097191829163,0.9131011039612649,-2.58968045587582,preliminary_single_packing_25ps_300K_snapshot_2026-09-17
one_ps_block_mean,PE,0.5,0.9362,0.9056618041216338,,,-3.261930771028232,preliminary_single_packing_25ps_300K_snapshot_2026-09-17
one_ps_block_mean,PE,1.5,0.9362,0.9102269217347967,,,-2.774308723050989,preliminary_single_packing_25ps_300K_snapshot_2026-09-17
one_ps_block_mean,PE,2.5,0.9362,0.9169293411442812,,,-2.0583912471393795,preliminary_single_packing_25ps_300K_snapshot_2026-09-17
one_ps_block_mean,PE,3.5,0.9362,0.9115125264268941,,,-2.6369871366274222,preliminary_single_packing_25ps_300K_snapshot_2026-09-17
one_ps_block_mean,PE,4.5,0.9362,0.9137052338588758,,,-2.40277356773384,preliminary_single_packing_25ps_300K_snapshot_2026-09-17
one_ps_block_mean,PE,5.5,0.9362,0.9099939138995203,,,-2.799197404452003,preliminary_single_packing_25ps_300K_snapshot_2026-09-17
one_ps_block_mean,PE,6.5,0.9362,0.9097995103144481,,,-2.819962581238189,preliminary_single_packing_25ps_300K_snapshot_2026-09-17
one_ps_block_mean,PE,7.5,0.9362,0.9099505116405497,,,-2.8038334073328675,preliminary_single_packing_25ps_300K_snapshot_2026-09-17
one_ps_block_mean,PE,8.5,0.9362,0.9130586517263538,,,-2.4718380980181864,preliminary_single_packing_25ps_300K_snapshot_2026-09-17
one_ps_block_mean,PE,9.5,0.9362,0.9116527992323082,,,-2.6220039273330276,preliminary_single_packing_25ps_300K_snapshot_2026-09-17
one_ps_block_mean,PE,10.5,0.9362,0.9140392218502345,,,-2.367098712856819,preliminary_single_packing_25ps_300K_snapshot_2026-09-17
one_ps_block_mean,PE,11.5,0.9362,0.9132202975522997,,,-2.45457193417008,preliminary_single_packing_25ps_300K_snapshot_2026-09-17
one_ps_block_mean,PE,12.5,0.9362,0.9164607436174863,,,-2.10844439035609,preliminary_single_packing_25ps_300K_snapshot_2026-09-17
one_ps_block_mean,PE,13.5,0.9362,0.9142229789302254,,,-2.347470740202373,preliminary_single_packing_25ps_300K_snapshot_2026-09-17
one_ps_block_mean,PE,14.5,0.9362,0.9122339290527972,,,-2.559930671566202,preliminary_single_packing_25ps_300K_snapshot_2026-09-17
one_ps_block_mean,PE,15.5,0.9362,0.9151306016824694,,,-2.2505232127249086,preliminary_single_packing_25ps_300K_snapshot_2026-09-17
one_ps_block_mean,PE,16.5,0.9362,0.9095199042280708,,,-2.849828644726471,preliminary_single_packing_25ps_300K_snapshot_2026-09-17
one_ps_block_mean,PE,17.5,0.9362,0.9084635641957718,,,-2.96266137622605,preliminary_single_packing_25ps_300K_snapshot_2026-09-17
one_ps_block_mean,PE,18.5,0.9362,0.9157030762507041,,,-2.1893744658508796,preliminary_single_packing_25ps_300K_snapshot_2026-09-17
one_ps_block_mean,PE,19.5,0.9362,0.9128805313876088,,,-2.490863983378677,preliminary_single_packing_25ps_300K_snapshot_2026-09-17
one_ps_block_mean,PE,20.5,0.9362,0.911352307381236,,,-2.654100899248457,preliminary_single_packing_25ps_300K_snapshot_2026-09-17
one_ps_block_mean,PE,21.5,0.9362,0.910098237330572,,,-2.7880541197850883,preliminary_single_packing_25ps_300K_snapshot_2026-09-17
one_ps_block_mean,PE,22.5,0.9362,0.9107063317307246,,,-2.7231006482883457,preliminary_single_packing_25ps_300K_snapshot_2026-09-17
one_ps_block_mean,PE,23.5,0.9362,0.9141120778234829,,,-2.3593166178719427,preliminary_single_packing_25ps_300K_snapshot_2026-09-17
one_ps_block_mean,PE,24.5,0.9362,0.90825027218892,,,-2.985444115688962,preliminary_single_packing_25ps_300K_snapshot_2026-09-17
sampling_mean,PMP,,0.832,0.8590111807825964,0.8573021373372991,0.8607202242278937,3.2465361517543867,preliminary_single_packing_25ps_300K_snapshot_2026-09-17
one_ps_block_mean,PMP,0.5,0.832,0.8608009266910086,,,3.461649842669301,preliminary_single_packing_25ps_300K_snapshot_2026-09-17
one_ps_block_mean,PMP,1.5,0.832,0.850786884036394,,,2.258038946681973,preliminary_single_packing_25ps_300K_snapshot_2026-09-17
one_ps_block_mean,PMP,2.5,0.832,0.8603611894754459,,,3.40879681195263,preliminary_single_packing_25ps_300K_snapshot_2026-09-17
one_ps_block_mean,PMP,3.5,0.832,0.8590854420415035,,,3.2554617838345568,preliminary_single_packing_25ps_300K_snapshot_2026-09-17
one_ps_block_mean,PMP,4.5,0.832,0.8611640847617211,,,3.5052986492453364,preliminary_single_packing_25ps_300K_snapshot_2026-09-17
one_ps_block_mean,PMP,5.5,0.832,0.8649621181585524,,,3.9617930479029395,preliminary_single_packing_25ps_300K_snapshot_2026-09-17
one_ps_block_mean,PMP,6.5,0.832,0.8654958562503452,,,4.025944260858805,preliminary_single_packing_25ps_300K_snapshot_2026-09-17
one_ps_block_mean,PMP,7.5,0.832,0.8574458591192211,,,3.0583965287525494,preliminary_single_packing_25ps_300K_snapshot_2026-09-17
one_ps_block_mean,PMP,8.5,0.832,0.8620561628931462,,,3.6125195785031483,preliminary_single_packing_25ps_300K_snapshot_2026-09-17
one_ps_block_mean,PMP,9.5,0.832,0.8580851168995107,,,3.1352303965758166,preliminary_single_packing_25ps_300K_snapshot_2026-09-17
one_ps_block_mean,PMP,10.5,0.832,0.8569329901953403,,,2.9967536292476282,preliminary_single_packing_25ps_300K_snapshot_2026-09-17
one_ps_block_mean,PMP,11.5,0.832,0.8609074671355083,,,3.474455184556291,preliminary_single_packing_25ps_300K_snapshot_2026-09-17
one_ps_block_mean,PMP,12.5,0.832,0.8638782523807154,,,3.83152071883599,preliminary_single_packing_25ps_300K_snapshot_2026-09-17
one_ps_block_mean,PMP,13.5,0.832,0.8562941517223719,,,2.9199701589389226,preliminary_single_packing_25ps_300K_snapshot_2026-09-17
one_ps_block_mean,PMP,14.5,0.832,0.8544278389417883,,,2.695653718964941,preliminary_single_packing_25ps_300K_snapshot_2026-09-17
one_ps_block_mean,PMP,15.5,0.832,0.8623282665362805,,,3.645224343302944,preliminary_single_packing_25ps_300K_snapshot_2026-09-17
one_ps_block_mean,PMP,16.5,0.832,0.8657154882793124,,,4.052342341263526,preliminary_single_packing_25ps_300K_snapshot_2026-09-17
one_ps_block_mean,PMP,17.5,0.832,0.8540148717788821,,,2.6460182426541135,preliminary_single_packing_25ps_300K_snapshot_2026-09-17
one_ps_block_mean,PMP,18.5,0.832,0.8611441139026259,,,3.502898305604085,preliminary_single_packing_25ps_300K_snapshot_2026-09-17
one_ps_block_mean,PMP,19.5,0.832,0.8572654160987083,,,3.0367086657101305,preliminary_single_packing_25ps_300K_snapshot_2026-09-17
one_ps_block_mean,PMP,20.5,0.832,0.8566152189107978,,,2.958559965240126,preliminary_single_packing_25ps_300K_snapshot_2026-09-17
one_ps_block_mean,PMP,21.5,0.832,0.8545408606227611,,,2.7092380556203333,preliminary_single_packing_25ps_300K_snapshot_2026-09-17
one_ps_block_mean,PMP,22.5,0.832,0.8590339256743745,,,3.249269912785402,preliminary_single_packing_25ps_300K_snapshot_2026-09-17
one_ps_block_mean,PMP,23.5,0.832,0.8544100753608364,,,2.693518673177442,preliminary_single_packing_25ps_300K_snapshot_2026-09-17
one_ps_block_mean,PMP,24.5,0.832,0.8575269416977596,,,3.068142030980714,preliminary_single_packing_25ps_300K_snapshot_2026-09-17
sampling_mean,PIB,,0.912,0.9047454474122515,0.9033277504412354,0.9061631443832676,-0.795455327604011,preliminary_single_packing_25ps_300K_snapshot_2026-09-17
one_ps_block_mean,PIB,0.5,0.912,0.8986579606790691,,,-1.4629429079968115,preliminary_single_packing_25ps_300K_snapshot_2026-09-17
one_ps_block_mean,PIB,1.5,0.912,0.905851781272736,,,-0.6741467902701803,preliminary_single_packing_25ps_300K_snapshot_2026-09-17
one_ps_block_mean,PIB,2.5,0.912,0.9058640010329838,,,-0.6728069042780893,preliminary_single_packing_25ps_300K_snapshot_2026-09-17
one_ps_block_mean,PIB,3.5,0.912,0.9056313611182094,,,-0.6983156668630031,preliminary_single_packing_25ps_300K_snapshot_2026-09-17
one_ps_block_mean,PIB,4.5,0.912,0.9054693022908362,,,-0.7160852751276092,preliminary_single_packing_25ps_300K_snapshot_2026-09-17
one_ps_block_mean,PIB,5.5,0.912,0.9024244883292527,,,-1.0499464551258053,preliminary_single_packing_25ps_300K_snapshot_2026-09-17
one_ps_block_mean,PIB,6.5,0.912,0.9042326389169183,,,-0.8516843292852738,preliminary_single_packing_25ps_300K_snapshot_2026-09-17
one_ps_block_mean,PIB,7.5,0.912,0.9082301347311708,,,-0.41336241982776745,preliminary_single_packing_25ps_300K_snapshot_2026-09-17
one_ps_block_mean,PIB,8.5,0.912,0.9082855988435992,,,-0.4072808285527252,preliminary_single_packing_25ps_300K_snapshot_2026-09-17
one_ps_block_mean,PIB,9.5,0.912,0.9107814796471726,,,-0.13360968781002125,preliminary_single_packing_25ps_300K_snapshot_2026-09-17
one_ps_block_mean,PIB,10.5,0.912,0.9051123068546071,,,-0.7552295115562435,preliminary_single_packing_25ps_300K_snapshot_2026-09-17
one_ps_block_mean,PIB,11.5,0.912,0.9047767588215196,,,-0.7920220590439064,preliminary_single_packing_25ps_300K_snapshot_2026-09-17
one_ps_block_mean,PIB,12.5,0.912,0.9007831123732155,,,-1.2299218889018082,preliminary_single_packing_25ps_300K_snapshot_2026-09-17
one_ps_block_mean,PIB,13.5,0.912,0.9092338240649637,,,-0.30330876480662017,preliminary_single_packing_25ps_300K_snapshot_2026-09-17
one_ps_block_mean,PIB,14.5,0.912,0.9029149431459654,,,-0.9961685146967714,preliminary_single_packing_25ps_300K_snapshot_2026-09-17
one_ps_block_mean,PIB,15.5,0.912,0.9038830264564173,,,-0.890019028901623,preliminary_single_packing_25ps_300K_snapshot_2026-09-17
one_ps_block_mean,PIB,16.5,0.912,0.9047977044571774,,,-0.7897253884673883,preliminary_single_packing_25ps_300K_snapshot_2026-09-17
one_ps_block_mean,PIB,17.5,0.912,0.9040362563106211,,,-0.873217509800317,preliminary_single_packing_25ps_300K_snapshot_2026-09-17
one_ps_block_mean,PIB,18.5,0.912,0.9033583436599694,,,-0.9475500372840617,preliminary_single_packing_25ps_300K_snapshot_2026-09-17
one_ps_block_mean,PIB,19.5,0.912,0.905051451916934,,,-0.7619022020905697,preliminary_single_packing_25ps_300K_snapshot_2026-09-17
one_ps_block_mean,PIB,20.5,0.912,0.9026374673339342,,,-1.0265934940861587,preliminary_single_packing_25ps_300K_snapshot_2026-09-17
one_ps_block_mean,PIB,21.5,0.912,0.9024803406386877,,,-1.0438222983895185,preliminary_single_packing_25ps_300K_snapshot_2026-09-17
one_ps_block_mean,PIB,22.5,0.912,0.9047921899288408,,,-0.7903300516621914,preliminary_single_packing_25ps_300K_snapshot_2026-09-17
one_ps_block_mean,PIB,23.5,0.912,0.9013787222020956,,,-1.1646137936298762,preliminary_single_packing_25ps_300K_snapshot_2026-09-17
one_ps_block_mean,PIB,24.5,0.912,0.9079709902793914,,,-0.4417773816456805,preliminary_single_packing_25ps_300K_snapshot_2026-09-17
